{"payload":{"code":null,"context":null,"env_details":null,"fileName":"Jupyter interactive","git_meta":null,"gpu_static_info":null,"graph":null,"html":null,"htmlOverride":null,"installed_packages":null,"local_timestamp":1584992031235,"log_dependency":null,"log_other":null,"log_system_info":null,"metric":null,"os_packages":null,"param":null,"params":null,"stderr":null,"stdout":null},"type":"ws_msg"}
{"payload":{"code":null,"context":null,"env_details":null,"fileName":null,"git_meta":{"branch":"refs/heads/no-syft","origin":"https://github.com/matech96/FederatedLearning.git","parent":"8d6134cfdf1867073583a2554e694ed7c0a1925c","repo_name":"FederatedLearning","root":"290289f357075680e640fb80387313af8379deb4","status":null,"user":"\u00c1kos G\u00e1ngoly"},"gpu_static_info":null,"graph":null,"html":null,"htmlOverride":null,"installed_packages":null,"local_timestamp":1584992031562,"log_dependency":null,"log_other":null,"log_system_info":null,"metric":null,"os_packages":null,"param":null,"params":null,"stderr":null,"stdout":null},"type":"ws_msg"}
{"payload":{"additional_params":null,"clean":true,"file_path":"tmpr4wfq6sj..zip","local_timestamp":1584992031679,"metadata":{},"upload_type":"git-patch"},"type":"file_upload"}
{"payload":{"code":null,"context":null,"env_details":null,"fileName":null,"git_meta":null,"gpu_static_info":null,"graph":null,"html":null,"htmlOverride":null,"installed_packages":["absl-py==0.9.0","adabound==0.0.5","adanet==0.8.0","addict==2.2.1","adversarial-robustness-toolbox==1.1.0","aiohttp==3.6.2","albumentations==0.4.3","alembic==1.3.3","alpha-vantage==2.1.3","altair==4.0.1","amqp==2.5.2","aniso8601==7.0.0","annoy==1.16.3","ansiwrap==0.8.4","appdirs==1.4.3","arrow==0.15.5","asn1crypto==1.3.0","astor==0.8.0","astroid==2.3.3","astropy==4.0","async-generator==1.10","async-timeout==3.0.1","attrs==19.3.0","audioread==2.1.8","augmentor==0.2.8","autocommand==2.2.1","autograd-gamma==0.4.1","autograd==1.3","autokeras==1.0.0","autopep8==1.5","backcall==0.1.0","bandit==1.6.2","bayesian-optimization==1.0.1","bcrypt==3.1.7","beautifulsoup4==4.8.2","billiard==3.6.1.0","black==19.10b0","blaze==0.10.1","bleach==3.1.0","blessings==1.7","blis==0.4.1","bokeh==1.4.0","boltons==20.0.0","boto3==1.11.9","boto==2.49.0","botocore==1.14.9","bottle==0.12.18","bottleneck==1.3.1","bqplot==0.12.2","branca==0.3.1","bs4==0.0.1","cachetools==3.1.1","cassandra-driver==3.21.0","catalogue==1.0.0","category-encoders==2.1.0","celery==4.4.0","certifi==2019.11.28","certipy==0.1.3","cffi==1.13.2","chainer==7.1.0","chardet==3.0.4","chart-studio==1.0.0","classy-vision==0.2.0","click==7.0","cliff==2.18.0","cloudant==2.12.0","cloudpickle==1.2.2","cma==2.7.0","cmd2==0.8.9","colorama==0.4.3","colorlog==4.1.0","colorlover==0.3.0","combo==0.0.8","comet-git-pure==0.19.15","comet-ml==3.1.1","conda-build==3.18.11","conda-package-handling==1.6.0","conda==4.8.1","configobj==5.0.6","configparser==4.0.2","confuse==1.0.0","contextlib2==0.6.0.post1","coremltools==3.2","coverage==4.5.4","cryptography==2.8","cssselect==1.1.0","cufflinks==0.17.0","cupy-cuda101==7.1.1","cx-oracle==7.3.0","cycler==0.10.0","cymem==2.0.3","cysignals==1.10.2","cython==0.29.14","cytoolz==0.10.1","dask-glm==0.2.0","dask-ml==1.2.0","dask==2.9.2","databricks-cli==0.9.1","dataset==1.2.0","datashape==0.5.2","datasketch==1.5.0","deap==1.3.1","decorator==4.4.1","defusedxml==0.6.0","dgl==0.4.2","diamond==4.0.515","dill==0.2.7.1","distributed==2.9.3","dm-sonnet==1.35","dm-tree==0.1.2","docker==4.1.0","docopt==0.6.2","docutils==0.15.2","dparse==0.4.1","edward==1.3.5","elasticsearch==7.5.1","eli5==0.10.1","empyrical==0.5.3","en-core-web-sm==2.2.5","entrypoints==0.3","enum34==1.1.6","et-xmlfile==1.0.1","everett==1.0.2","fabric==2.5.0","facets-overview==1.0.0","fairseq==0.9.0","faiss==1.6.1","fake-useragent==0.1.11","fastai==1.0.60","fastapi==0.47.1","fastcache==1.1.0","fastprogress==0.2.2","fastrlock==0.4","fastscript==0.1.4","fasttext==0.9.1","featuretools==0.13.1","filelock==3.0.12","fire==0.2.1","flake8==3.7.9","flashtext==2.7","flask-cors==3.0.8","flask-socketio==4.2.1","flask==1.1.1","folium==0.10.1","foolbox==2.3.0","freetype-py==2.1.0.post1","fs==2.4.11","ftfy==5.6","funcy==1.14","future==0.18.2","fuzzywuzzy==0.17.0","gast==0.2.2","gensim==3.8.1","geocoder==1.38.1","geographiclib==1.50","geojson==2.5.0","geomet==0.1.2","geoplotlib==0.3.2","geopy==1.20.0","gin-config==0.3.0","gitdb2==2.0.6","gitpython==3.0.5","glances==3.1.3","glob2==0.7","gluoncv==0.6.0","gluonnlp==0.8.3","google-api-core==1.16.0","google-auth-oauthlib==0.4.1","google-auth==1.11.0","google-cloud-bigquery==1.23.1","google-cloud-core==1.2.0","google-cloud-storage==1.25.0","google-images-download==2.8.0","google-pasta==0.1.8","google-resumable-media==0.5.0","googleapis-common-protos==1.51.0","googledrivedownloader==0.4","gorilla==0.3.0","gpflow==1.5.1","gpustat==0.6.0","gputil==1.4.0","gpytorch==1.0.1","graphene==2.1.8","graphql-core==2.3.1","graphql-relay==2.0.1","graphviz==0.8.4","grpcio==1.24.3","gunicorn==20.0.4","gym==0.15.4","h5py==2.10.0","heapdict==1.0.1","holoviews==1.12.7","htmlmin==0.1.12","httpie==2.0.0","hyperopt==0.2.3","idna==2.8","imageai==2.1.5","imagehash==4.0","imageio-ffmpeg==0.4.1","imageio==2.6.1","imbalanced-learn==0.6.1","imgaug==0.3.0","importlib-metadata==1.3.0","importlib-resources==1.0.2","imutils==0.5.3","inflect==4.0.0","influxdb==5.2.3","invoke==1.4.0","ipydatawidgets==4.0.1","ipykernel==5.1.3","ipympl==0.4.1","ipyparallel==6.2.4","ipython-genutils==0.2.0","ipython-sql==0.3.9","ipython==7.11.1","ipywidgets==7.5.1","isodate==0.6.0","isort==4.3.21","itsdangerous==1.1.0","jax==0.1.58","jaxlib==0.1.37","jdcal==1.4.1","jedi==0.15.2","jellyfish==0.7.2","jinja2==2.10.3","jmespath==0.9.4","joblib==0.14.1","json5==0.8.5","jsonpickle==1.2","jsonschema==3.0.2","jupyter-client==5.3.4","jupyter-console==6.1.0","jupyter-contrib-core==0.3.3","jupyter-contrib-nbextensions==0.5.1","jupyter-core==4.6.1","jupyter-highlight-selected-word==0.2.0","jupyter-http-over-ws==0.0.7","jupyter-kernel-gateway==2.4.0","jupyter-latex-envs==1.4.6","jupyter-lsp==0.7.0b0","jupyter-nbextensions-configurator==0.4.1","jupyter-server-proxy==1.2.0","jupyter-telemetry==0.0.4","jupyter-tensorboard==0.1.10","jupyter-tooling-extension==0.1","jupyterhub==1.1.0","jupyterlab-code-formatter==1.0.3","jupyterlab-git==0.9.0","jupyterlab-server==1.0.6","jupyterlab==1.2.5","jupytext==1.3.2","kafka-python==1.4.7","kaggle==1.5.6","keract==3.0.1","keras-applications==1.0.8","keras-preprocessing==1.1.0","keras-rl==0.4.2","keras-tuner==1.0.1","keras-vis==0.4.1","keras==2.3.1","kiwisolver==1.1.0","kmodes==0.10.1","kombu==4.6.7","kornia==0.1.4.post2","langid==1.1.6","lazy-object-proxy==1.4.3","lazycluster==0.1.1","libarchive-c==2.8","librosa==0.7.2","lief==0.9.0","lifelines==0.23.8","lightfm==1.15","lightgbm==2.3.1","lime==0.1.1.37","line-profiler==3.0.2","llvmlite==0.31.0","lmdb==0.98","lxml==4.4.2","lz4==3.0.2","mako==1.1.1","markdown==3.1.1","markupsafe==1.1.1","marshmallow==3.3.0","matplotlib==3.1.1","mccabe==0.6.1","mechanicalsoup==0.12.0","memory-profiler==0.57.0","mesh-tensorflow==0.1.9","metaflow==2.0.1","metric-learn==0.5.0","micawber==0.5.1","minio==5.0.7","missingno==0.4.2","mistune==0.8.4","mkl-fft==1.0.15","mkl-random==1.1.0","mkl-service==2.3.0","mlflow==1.5.0","mlxtend==0.17.0","mmdnn==0.2.5","mock==3.0.5","modin==0.7.0","mongo-connector==3.1.1","more-itertools==8.0.2","morecvutils==1.0.2","motor==2.1.0","moviepy==1.0.1","mpmath==1.1.0","mrjob==0.7.1","msgpack-numpy==0.4.4.3","msgpack==1.0.0","multidict==4.7.4","multipledispatch==0.6.0","multitasking==0.0.9","munch==2.5.0","murmurhash==1.0.2","mxnet-cu101mkl==1.5.1.post0","mysqlclient==1.4.6","nbconvert==5.6.1","nbdev==0.2.9","nbdime==1.1.0","nbformat==4.4.0","nbinteract==0.2.4","nbresuse==0.3.3","nbval==0.9.4","neo4j-driver==1.7.6","neobolt==1.7.16","neotime==1.7.4","nest-asyncio==1.2.3","netifaces==0.10.9","networkx==2.4","nevergrad==0.3.1","nltk==3.4.5","nose2==0.9.1","nose==1.3.7","notebook==6.0.2","numba==0.47.0","numexpr==2.7.1","numpy==1.18.1","nvidia-ml-py3==7.352.0","oauthlib==3.1.0","odo==0.5.0","olefile==0.46","onnx==1.6.0","onnxruntime-gpu==1.1.1","opencv-python-headless==4.1.2.30","opencv-python==4.1.2.30","openpyxl==2.4.11","opt-einsum==3.1.0","optuna==1.0.0","packaging==19.2","pamela==1.0.0","pandas-datareader==0.8.1","pandas-flavor==0.1.2","pandas-gbq==0.13.0","pandas-profiling==2.4.0","pandas-summary==0.0.7","pandas==0.25.3","pandasql==0.7.3","pandocfilters==1.4.2","papermill==1.2.1","param==1.9.3","paramiko==2.7.1","parse==1.14.0","parso==0.5.2","path.py==12.4.0","path==13.1.0","pathspec==0.7.0","patsy==0.5.1","pbr==5.4.4","pexpect==4.7.0","phe==1.4.0","phik==0.9.8","pickledb==0.9.2","pickleshare==0.7.5","pillow==6.2.2","pip==20.0.2","pipdeptree==0.13.2","pivottablejs==0.9.0","pkginfo==1.5.0.1","plac==1.1.3","plotly==4.5.0","pluggy==0.13.1","plyfile==0.7.1","portalocker==1.5.2","portpicker==1.3.1","preshed==3.0.2","prettytable==0.7.2","proglog==0.1.9","progressbar2==3.47.0","progressbar==2.5","prometheus-client==0.7.1","prometheus-flask-exporter==0.12.1","promise==2.3","prompt-toolkit==3.0.2","protobuf==3.11.2","psutil==5.6.7","psycopg2==2.8.4","ptyprocess==0.6.0","py-cpuinfo==5.0.0","py-spy==0.3.2","py3nvml==0.2.5","py==1.8.1","pyahocorasick==1.4.0","pyasn1-modules==0.2.8","pyasn1==0.4.8","pyaudioanalysis==0.2.5","pybind11==2.4.3","pycodestyle==2.5.0","pycosat==0.6.3","pycparser==2.19","pycuda==2019.1.2","pydantic==1.4","pydata-google-auth==0.2.1","pydocstyle==5.0.2","pydot==1.4.1","pydub==0.23.1","pyecharts==1.6.2","pyee==6.0.0","pyemd==0.5.1","pyflakes==2.1.1","pyfunctional==1.3.0","pyglet==1.3.2","pygments==2.5.2","pygpu==0.7.6","pyhdb==0.3.4","pyinstrument-cext==0.2.2","pyinstrument==3.1.0","pyjanitor==0.20.0","pylama==7.7.1","pyldavis==2.1.2","pylint==2.4.4","pymdstat==0.4.2","pymongo==3.10.1","pymysql==0.9.3","pynacl==1.3.0","pyod==0.7.7.1","pyodbc==4.0.28","pyopenssl==19.1.0","pyparsing==2.4.6","pyperclip==1.7.0","pyphen==0.9.5","pyppeteer==0.0.25","pyquery==1.4.1","pyro-api==0.1.1","pyro-ppl==1.2.1","pyrsistent==0.15.6","pysocks==1.7.1","pyte==0.8.0","pytesseract==0.3.2","pytest-pylint==0.14.1","pytest==5.3.4","pytextrank==2.0.0","python-crontab==2.4.0","python-dateutil==2.8.1","python-editor==1.0.4","python-engineio==3.11.2","python-json-logger==0.1.11","python-jsonrpc-server==0.3.4","python-language-server==0.31.7","python-slugify==4.0.0","python-socketio==4.4.0","python-utils==2.3.0","pythreejs==2.1.1","pytools==2020.1","pytorch-ignite==0.3.0","pytorch-lightning==0.6.0","pytorch-nlp==0.5.0","pytz==2019.3","pyviz-comms==0.7.3","pywavelets==1.1.1","pyyaml==5.2","pyzmq==18.1.0","qgrid==1.2.0","querystring-parser==1.2.4","ranger-fm==1.9.3","ratelim==0.1.6","rdflib==4.2.2","records==0.5.3","redis==3.3.11","rednose==1.3.0","regex==2019.12.9","remote-ikernel==0.4.6","requests-html==0.10.0","requests-oauthlib==1.3.0","requests==2.22.0","resampy==0.2.2","retrying==1.3.3","rope==0.16.0","rsa==4.0","ruamel-yaml==0.15.87","ruamel.yaml.clib==0.2.0","ruamel.yaml==0.16.6","rx==1.6.1","s3transfer==0.3.2","sacrebleu==1.4.3","sacred==0.8.1","sacremoses==0.0.38","safety==1.8.5","scalene==0.6.3","scikit-cuda==0.5.3","scikit-image==0.16.2","scikit-learn==0.22.1","scikit-optimize==0.5.2","scikit-plot==0.3.7","scikit-surprise==1.1.0","scipy==1.4.1","seaborn==0.10.0","selenium==3.141.0","semantic-version==2.8.4","send2trash==1.5.0","sentencepiece==0.1.85","setuptools==44.0.0.post20200106","shap==0.34.0","shapely==1.6.4.post2","simpervisor==0.3","simplejson==3.17.0","six==1.13.0","sklearn-pandas==1.8.0","skorch==0.7.0","smart-open==1.9.0","smmap2==2.0.5","snowballstemmer==2.0.0","sortedcontainers==2.1.0","soundfile==0.10.3.post1","soupsieve==1.9.5","spacy-transformers==0.5.1","spacy==2.2.3","speedtorch==0.1.6","sqlalchemy==1.3.13","sqlparse==0.3.0","srsly==1.0.1","stanfordnlp==0.2.0","starlette==0.12.9","statsmodels==0.11.0","stevedore==1.31.0","stop-words==2018.7.23","stopit==1.1.2","stormssh==0.7.0","streamz==0.5.2","suod==0.0.2","supervisor-stdout==0.1.1","supervisor==4.1.0","syft-proto==0.2.1a1.post2","syft==0.2.3","tables==3.6.1","tablib==1.0.0","tabulate==0.8.3","tblib==1.6.0","tenacity==6.0.0","tensorboard==2.1.0","tensorboardx==2.0","tensorflow-addons==0.7.1","tensorflow-datasets==2.0.0","tensorflow-estimator==2.1.0","tensorflow-federated==0.12.0","tensorflow-gpu==2.1.0","tensorflow-graphics-gpu==1.0.0","tensorflow-graphics==1.0.0","tensorflow-hub==0.7.0","tensorflow-metadata==0.21.0","tensorflow-model-optimization==0.2.1","tensorflow-privacy==0.2.2","tensorflow-probability==0.9.0","tensorflow-text==2.0.1","tensorflow==2.1.0","tensorflowonspark==2.1.3","tensorlayer==2.2.1","tensorly==0.4.5","tensorpack==0.9.8","tensorwatch==0.8.7","termcolor==1.1.0","terminado==0.8.3","terminaltables==3.1.0","termstyle==0.1.11","tesserocr==2.5.0","testpath==0.4.4","text-unidecode==1.3","textacy==0.9.1","textblob==0.15.3","textdistance==4.1.5","textwrap3==0.9.2","tf-explain==0.2.0","tflearn==0.3.2","theano==1.0.4","thefuck==3.29","thinc==7.3.1","thundersvm==0.3.3","tinydb==3.15.2","tokenizers==0.2.1","toml==0.10.0","toolz==0.10.0","torch-geometric==1.3.2","torch==1.4.0","torchaudio==0.4.0","torchbearer==0.5.1","torchbiggraph==1.0.0","torchcontrib==0.0.2","torchstat==0.0.7","torchtext==0.5.0","torchvision==0.5.0","tornado==6.0.3","tpot==0.11.1","tqdm==4.41.1","traitlets==4.3.3","traittypes==0.2.1","transformers==2.3.0","tsfresh==0.13.0","tslearn==0.3.0","typed-ast==1.4.1","typing-extensions==3.7.4.1","typing==3.7.4.1","ujson==1.35","umap-learn==0.3.10","update-checker==0.16","urllib3==1.25.7","vega-datasets==0.8.0","vega==2.6.0","vine==1.3.0","virtualenv==16.7.9","vispy==0.6.4","vowpalwabbit==8.8.0","w3lib==1.21.0","wasabi==0.6.0","wcwidth==0.1.7","webencodings==0.5.1","websocket-client==0.57.0","websockets==8.1","werkzeug==0.16.0","wheel==0.33.6","widgetsnbextension==3.5.1","wordcloud==1.6.0","wrapt==1.11.2","wurlitzer==2.0.0","xarray==0.14.1","xgboost==0.90","xlearn==0.40a1","xlrd==1.2.0","xmltodict==0.12.0","yapf==0.29.0","yappi==1.2.3","yarl==1.4.2","yellowbrick==1.0.1","yfinance==0.1.54","you-get==0.4.1388","zict==1.0.0","zipp==0.6.0","zstd==1.4.4.0"],"local_timestamp":1584992031680,"log_dependency":null,"log_other":null,"log_system_info":null,"metric":null,"os_packages":null,"param":null,"params":null,"stderr":null,"stdout":null},"type":"ws_msg"}
{"payload":{"code":null,"context":null,"env_details":null,"fileName":null,"git_meta":null,"gpu_static_info":null,"graph":null,"html":null,"htmlOverride":null,"installed_packages":null,"local_timestamp":1584992031693,"log_dependency":null,"log_other":null,"log_system_info":null,"metric":null,"os_packages":["adduser=3.116ubuntu1","adwaita-icon-theme=3.28.0-1ubuntu1","apache2-utils=2.4.29-1ubuntu4.11","apport-symptoms=0.20","apport=2.20.9-0ubuntu7.9","apt-transport-https=1.6.12","apt-utils=1.6.12","apt=1.6.12","at-spi2-core=2.28.0-1","autoconf-archive=20170928-2","autoconf=2.69-11","autojump=22.5.0-2","automake=1:1.15.1-3ubuntu2","autossh=1.4e-4","autotools-dev=20180224.1","baobab=3.28.0-1","base-files=10.1ubuntu2.7","base-passwd=3.5.44","bash-completion=1:2.8-1ubuntu1","bash=4.4.18-2ubuntu1.2","bat=0.12.1","binutils-common=2.30-21ubuntu1~18.04.2","binutils-x86-64-linux-gnu=2.30-21ubuntu1~18.04.2","binutils=2.30-21ubuntu1~18.04.2","bsdmainutils=11.1.2ubuntu1","bsdtar=3.2.2-3.1ubuntu0.5","bsdutils=1:2.31.1-0.4ubuntu3.4","bubblewrap=0.2.1-1ubuntu0.1","build-essential=12.4ubuntu1","bzip2=1.0.6-8.1ubuntu0.2","ca-certificates-java=20180516ubuntu1~18.04.1","ca-certificates=20180409","catfish=1.4.4-1","chromium-browser-l10n=79.0.3945.79-0ubuntu0.18.04.1","chromium-browser=79.0.3945.79-0ubuntu0.18.04.1","chromium-codecs-ffmpeg=79.0.3945.79-0ubuntu0.18.04.1","clinfo=2.2.18.03.26-1","cmake-data=3.10.2-1ubuntu2.18.04.1","cmake=3.10.2-1ubuntu2.18.04.1","code=1.41.1-1576681836","coreutils=8.28-1ubuntu1","cpp-7=7.4.0-1ubuntu1~18.04.1","cpp=4:7.4.0-1ubuntu2.3","cron=3.0pl1-128.1ubuntu1","csh=20110502-3ubuntu0.18.04.1","cuda-command-line-tools-10-1=10.1.168-1","cuda-compat-10-1=418.87.01-1","cuda-compiler-10-1=10.1.243-1","cuda-cudart-10-1=10.1.243-1","cuda-cudart-dev-10-1=10.1.243-1","cuda-cufft-10-1=10.1.243-1","cuda-cufft-dev-10-1=10.1.243-1","cuda-cuobjdump-10-1=10.1.243-1","cuda-cupti-10-1=10.1.243-1","cuda-curand-10-1=10.1.243-1","cuda-curand-dev-10-1=10.1.243-1","cuda-cusolver-10-1=10.1.243-1","cuda-cusolver-dev-10-1=10.1.243-1","cuda-cusparse-10-1=10.1.243-1","cuda-cusparse-dev-10-1=10.1.243-1","cuda-driver-dev-10-1=10.1.243-1","cuda-gdb-10-1=10.1.243-1","cuda-gpu-library-advisor-10-1=10.1.243-1","cuda-libraries-10-1=10.1.168-1","cuda-libraries-dev-10-1=10.1.168-1","cuda-license-10-1=10.1.243-1","cuda-license-10-2=10.2.89-1","cuda-memcheck-10-1=10.1.243-1","cuda-minimal-build-10-1=10.1.168-1","cuda-misc-headers-10-1=10.1.243-1","cuda-npp-10-1=10.1.243-1","cuda-npp-dev-10-1=10.1.243-1","cuda-nvcc-10-1=10.1.243-1","cuda-nvdisasm-10-1=10.1.243-1","cuda-nvgraph-10-1=10.1.243-1","cuda-nvgraph-dev-10-1=10.1.243-1","cuda-nvjpeg-10-1=10.1.243-1","cuda-nvjpeg-dev-10-1=10.1.243-1","cuda-nvml-dev-10-1=10.1.168-1","cuda-nvprof-10-1=10.1.243-1","cuda-nvprune-10-1=10.1.243-1","cuda-nvrtc-10-1=10.1.243-1","cuda-nvrtc-dev-10-1=10.1.243-1","cuda-nvtx-10-1=10.1.168-1","cuda-sanitizer-api-10-1=10.1.243-1","curl=7.58.0-2ubuntu3.8","dash=0.5.8-2.10","dbus-user-session=1.12.2-1ubuntu1.1","dbus-x11=1.12.2-1ubuntu1.1","dbus=1.12.2-1ubuntu1.1","dconf-gsettings-backend=0.26.0-2ubuntu3","dconf-service=0.26.0-2ubuntu3","debconf=1.5.66ubuntu1","debianutils=4.8.4","desktop-base=8.0.2ubuntu1","desktop-file-utils=0.23-1ubuntu3.18.04.2","dictionaries-common=1.27.2","diffutils=1:3.6-1","dirmngr=2.2.4-1ubuntu1.2","distro-info-data=0.37ubuntu0.6","dmsetup=2:1.02.145-4.1ubuntu3.18.04.2","dosfstools=4.1-1","dpkg-dev=1.19.0.5ubuntu2.3","dpkg-sig=0.13.1+nmu4","dpkg=1.19.0.5ubuntu2.3","e2fsprogs=1.44.1-1ubuntu1.3","eject=2.1.5+deb1+cvs20081104-13.2","emacsen-common=2.0.8","exo-utils=0.12.2-0ubuntu0.18.04.1","fdisk=2.31.1-0.4ubuntu3.4","file=1:5.32-2ubuntu0.3","findutils=4.6.0+git+20170828-2","font-manager=0.7.3-1.1","fontconfig-config=2.12.6-0ubuntu2","fontconfig=2.12.6-0ubuntu2","fonts-liberation=1:1.07.4-7~18.04.1","fuse=2.9.7-1ubuntu1","g++-7=7.4.0-1ubuntu1~18.04.1","g++=4:7.4.0-1ubuntu2.3","gawk=1:4.1.4+dfsg-1build1","gcc-7-base=7.4.0-1ubuntu1~18.04.1","gcc-7=7.4.0-1ubuntu1~18.04.1","gcc-8-base=8.3.0-6ubuntu1~18.04.1","gcc=4:7.4.0-1ubuntu2.3","gconf-service-backend=3.2.6-4ubuntu1","gconf-service=3.2.6-4ubuntu1","gconf2-common=3.2.6-4ubuntu1","gconf2=3.2.6-4ubuntu1","gdebi-core=0.9.5.7+nmu2","gdebi=0.9.5.7+nmu2","gdisk=1.0.3-1","gftp-common=2.0.19-5","gftp-gtk=2.0.19-5","gftp-text=2.0.19-5","gftp=2.0.19-5","gigolo=0.4.2-2","gir1.2-atk-1.0=2.28.1-1","gir1.2-freedesktop=1.56.1-1","gir1.2-gdkpixbuf-2.0=2.36.11-2","gir1.2-glib-2.0=1.56.1-1","gir1.2-gtk-3.0=3.22.30-1ubuntu4","gir1.2-pango-1.0=1.40.14-1ubuntu0.1","gir1.2-vte-2.91=0.52.2-1ubuntu1~18.04.2","git-flow=1.11.0-1","git-man=1:2.17.1-1ubuntu0.5","git=1:2.17.1-1ubuntu0.5","glib-networking-common=2.56.0-1","glib-networking-services=2.56.0-1","glib-networking=2.56.0-1","glogg=1.1.4-1","gnome-desktop3-data=3.28.2-0ubuntu1.5","gnome-icon-theme=3.12.0-3","gnupg-agent=2.2.4-1ubuntu1.2","gnupg-l10n=2.2.4-1ubuntu1.2","gnupg-utils=2.2.4-1ubuntu1.2","gnupg2=2.2.4-1ubuntu1.2","gnupg=2.2.4-1ubuntu1.2","google-perftools=2.5-2.2ubuntu3","gpg-agent=2.2.4-1ubuntu1.2","gpg-wks-client=2.2.4-1ubuntu1.2","gpg-wks-server=2.2.4-1ubuntu1.2","gpg=2.2.4-1ubuntu1.2","gpgconf=2.2.4-1ubuntu1.2","gpgsm=2.2.4-1ubuntu1.2","gpgv=2.2.4-1ubuntu1.2","graphviz=2.40.1-2","grep=3.1-2build1","greybird-gtk-theme=3.22.8-1","groff-base=1.22.3-10","gsettings-desktop-schemas=3.28.0-1ubuntu1","gstreamer1.0-plugins-base=1.14.5-0ubuntu1~18.04.1","gtk-update-icon-cache=3.22.30-1ubuntu4","gtk2-engines-murrine=0.98.2-2ubuntu1","gtk2-engines-xfce=3.2.0-3","gvfs-backends=1.36.1-0ubuntu1.3.3","gvfs-bin=1.36.1-0ubuntu1.3.3","gvfs-common=1.36.1-0ubuntu1.3.3","gvfs-daemons=1.36.1-0ubuntu1.3.3","gvfs-libs=1.36.1-0ubuntu1.3.3","gvfs=1.36.1-0ubuntu1.3.3","gzip=1.6-5ubuntu1","hdf5-helpers=1.10.0-patch1+docs-4","hicolor-icon-theme=0.17-2","hostname=3.20","htop=2.1.0-3","humanity-icon-theme=0.6.15","ibverbs-providers=17.1-1ubuntu0.2","init-system-helpers=1.51","iproute2=4.15.0-2ubuntu1","iputils-ping=3:20161105-1ubuntu3","iso-codes=3.79-1","java-common=0.68ubuntu1~18.04.1","jed-common=1:0.99.19-7","jed=1:0.99.19-7","jq=1.5+dfsg-2","keyboard-configuration=1.178ubuntu2.9","less=487-0.1","libacl1=2.2.52-3build1","libaec-dev=0.3.2-2","libaec0=0.3.2-2","libann0=1.1.2+doc-6","libaopalliance-java=20070526-6","libapache-pom-java=18-1","libapparmor1=2.12-4ubuntu5.1","libapr1=1.6.3-2","libaprutil1=1.6.1-2","libapt-inst2.0=1.6.12","libapt-pkg5.0=1.6.12","libarchive-tools=3.2.2-3.1ubuntu0.5","libarchive13=3.2.2-3.1ubuntu0.5","libargon2-0=0~20161029-1.1","libasan4=7.4.0-1ubuntu1~18.04.1","libasn1-8-heimdal=7.5.0+dfsg-1","libasound2-data=1.1.3-5ubuntu0.2","libasound2-plugins=1.1.1-1ubuntu1","libasound2=1.1.3-5ubuntu0.2","libassuan0=2.5.1-2","libasyncns0=0.8-6","libatasmart4=0.19-4","libatinject-jsr330-api-java=1.0+ds1-5","libatk-bridge2.0-0=2.26.2-1","libatk1.0-0=2.28.1-1","libatk1.0-data=2.28.1-1","libatkmm-1.6-1v5=2.24.2-3","libatlas-base-dev=3.10.3-5","libatlas3-base=3.10.3-5","libatomic1=8.3.0-6ubuntu1~18.04.1","libatspi2.0-0=2.28.0-1","libattr1=1:2.4.47-2build1","libaudit-common=1:2.8.2-1ubuntu1","libaudit1=1:2.8.2-1ubuntu1","libauthen-sasl-perl=2.1600-1","libavahi-client3=0.7-3.1ubuntu1.2","libavahi-common-data=0.7-3.1ubuntu1.2","libavahi-common3=0.7-3.1ubuntu1.2","libavahi-glib1=0.7-3.1ubuntu1.2","libbinutils=2.30-21ubuntu1~18.04.2","libblas-dev=3.7.1-4ubuntu1","libblas3=3.7.1-4ubuntu1","libblkid1=2.31.1-0.4ubuntu3.4","libblockdev-crypto2=2.16-2","libblockdev-fs2=2.16-2","libblockdev-loop2=2.16-2","libblockdev-part-err2=2.16-2","libblockdev-part2=2.16-2","libblockdev-swap2=2.16-2","libblockdev-utils2=2.16-2","libblockdev2=2.16-2","libbonobo2-0=2.32.1-3","libbonobo2-common=2.32.1-3","libboost-program-options1.65.1=1.65.1+dfsg-0ubuntu5","libbsd0=0.8.7-1ubuntu0.1","libbz2-1.0=1.0.6-8.1ubuntu0.2","libbz2-dev=1.0.6-8.1ubuntu0.2","libc-bin=2.27-3ubuntu1","libc-dev-bin=2.27-3ubuntu1","libc6-dev=2.27-3ubuntu1","libc6=2.27-3ubuntu1","libcairo-gobject2=1.15.10-2ubuntu0.1","libcairo2=1.15.10-2ubuntu0.1","libcairomm-1.0-1v5=1.12.2-3","libcanberra-gtk3-0=0.30-5ubuntu1","libcanberra-gtk3-module=0.30-5ubuntu1","libcanberra0=0.30-5ubuntu1","libcap-ng0=0.7.7-3.1","libcap2-bin=1:2.25-1.2","libcap2=1:2.25-1.2","libcc1-0=8.3.0-6ubuntu1~18.04.1","libcdi-api-java=1.2-2","libcdio-cdda2=10.2+0.94+2-2build1","libcdio-paranoia2=10.2+0.94+2-2build1","libcdio17=1.0.0-2ubuntu2","libcdparanoia0=3.10.2+debian-13","libcdt5=2.40.1-2","libcgraph6=2.40.1-2","libcilkrts5=7.4.0-1ubuntu1~18.04.1","libcolord2=1.3.3-2build1","libcom-err2=1.44.1-1ubuntu1.3","libcommons-cli-java=1.4-1","libcommons-io-java=2.6-2","libcommons-lang3-java=3.8-1~18.04.2","libcommons-parent-java=43-1","libconfig-file-perl=1.50-3","libconfig9=1.5-0.4","libcroco3=0.6.12-2","libcryptsetup12=2:2.0.2-1ubuntu1.1","libcublas-dev=10.2.2.89-1","libcublas10=10.2.2.89-1","libcudnn7-dev=7.6.0.64-1+cuda10.1","libcudnn7=7.6.0.64-1+cuda10.1","libcups2=2.2.7-1ubuntu2.7","libcurl3-gnutls=7.58.0-2ubuntu3.8","libcurl4=7.58.0-2ubuntu3.8","libdata-dump-perl=1.23-1","libdatrie1=0.2.10-7","libdb5.3=5.3.28-13.1ubuntu1.1","libdbus-1-3=1.12.2-1ubuntu1.1","libdbus-glib-1-2=0.110-2","libdbusmenu-glib4=16.04.1+18.04.20171206-0ubuntu2","libdconf1=0.26.0-2ubuntu3","libdebconfclient0=0.213ubuntu1","libdee-1.0-4=1.2.7+17.10.20170616-0ubuntu4","libdevmapper1.02.1=2:1.02.145-4.1ubuntu3.18.04.2","libdouble-conversion1=2.0.1-4ubuntu1","libdpkg-perl=1.19.0.5ubuntu2.3","libdrm-amdgpu1=2.4.99-1ubuntu1~18.04.1","libdrm-common=2.4.99-1ubuntu1~18.04.1","libdrm-intel1=2.4.99-1ubuntu1~18.04.1","libdrm-nouveau2=2.4.99-1ubuntu1~18.04.1","libdrm-radeon1=2.4.99-1ubuntu1~18.04.1","libdrm2=2.4.99-1ubuntu1~18.04.1","libedit2=3.1-20170329-1","libegl-mesa0=19.2.1-1ubuntu1~18.04.1","libegl1-mesa=19.2.1-1ubuntu1~18.04.1","libegl1=1.0.0-2ubuntu2.3","libeigen3-dev=3.3.4-4","libelf1=0.170-0.4ubuntu0.1","libencode-locale-perl=1.05-1","libepoxy0=1.4.3-1","liberror-perl=0.17025-1","libestr0=0.1.10-2.1","libevdev2=1.5.8+dfsg-1","libevent-2.1-6=2.1.8-stable-4build1","libexempi3=2.4.5-2","libexif12=0.6.21-4","libexo-1-0=0.12.2-0ubuntu0.18.04.1","libexo-2-0=0.12.2-0ubuntu0.18.04.1","libexo-common=0.12.2-0ubuntu0.18.04.1","libexo-helpers=0.12.2-0ubuntu0.18.04.1","libexpat1=2.2.5-3ubuntu0.2","libext2fs2=1.44.1-1ubuntu1.3","libfabric1=1.5.3-1","libfastjson4=0.99.8-2","libfdisk1=2.31.1-0.4ubuntu3.4","libffi6=3.2.1-8","libfile-basedir-perl=0.07-1","libfile-copy-recursive-perl=0.40-1","libfile-desktopentry-perl=0.22-1","libfile-listing-perl=6.04-1","libfile-mimeinfo-perl=0.28-1","libflac8=1.3.2-1","libfont-afm-perl=1.20-2","libfontconfig1=2.12.6-0ubuntu2","libfontenc1=1:1.1.3-1","libfreetype6=2.8.1-2ubuntu2","libfuse2=2.9.7-1ubuntu1","libgail-3-0=3.22.30-1ubuntu4","libgarcon-1-0=0.6.1-2","libgarcon-common=0.6.1-2","libgbm1=19.2.1-1ubuntu1~18.04.1","libgcc-7-dev=7.4.0-1ubuntu1~18.04.1","libgcc1=1:8.3.0-6ubuntu1~18.04.1","libgck-1-0=3.28.0-1","libgconf-2-4=3.2.6-4ubuntu1","libgcr-base-3-1=3.28.0-1","libgcrypt20=1.8.1-4ubuntu1.2","libgd3=2.2.5-4ubuntu0.3","libgdata-common=0.17.9-2","libgdata22=0.17.9-2","libgdbm-compat4=1.14.1-6","libgdbm-dev=1.14.1-6","libgdbm5=1.14.1-6","libgdk-pixbuf2.0-0=2.36.11-2","libgdk-pixbuf2.0-common=2.36.11-2","libgee-0.8-2=0.20.1-1","libgeos-3.6.2=3.6.2-1build2","libgeos-c1v5=3.6.2-1build2","libgeos-dev=3.6.2-1build2","libgeronimo-annotation-1.3-spec-java=1.0-1","libgeronimo-interceptor-3.0-spec-java=1.0.1-4fakesync","libgfortran4=7.4.0-1ubuntu1~18.04.1","libgif7=5.1.4-2ubuntu0.1","libgirepository-1.0-1=1.56.1-1","libgl1-mesa-dri=19.2.1-1ubuntu1~18.04.1","libgl1=1.0.0-2ubuntu2.3","libglade2-0=1:2.6.4-2","libglapi-mesa=19.2.1-1ubuntu1~18.04.1","libglib2.0-0=2.56.4-0ubuntu0.18.04.4","libglib2.0-bin=2.56.4-0ubuntu0.18.04.4","libglib2.0-data=2.56.4-0ubuntu0.18.04.4","libglibmm-2.4-1v5=2.56.0-1","libglu1-mesa=9.0.0-2.1build1","libglvnd0=1.0.0-2ubuntu2.3","libglx-mesa0=19.2.1-1ubuntu1~18.04.1","libglx0=1.0.0-2ubuntu2.3","libgmp10=2:6.1.2+dfsg-2","libgnome-autoar-0-0=0.2.3-1","libgnome-desktop-3-17=3.28.2-0ubuntu1.5","libgnome-keyring0=3.12.0-1build1","libgnome2-common=2.32.1-6","libgnomevfs2-common=1:2.24.4-6.1ubuntu2","libgnutls30=3.5.18-1ubuntu1.2","libgoa-1.0-0b=3.28.0-0ubuntu2.1","libgoa-1.0-common=3.28.0-0ubuntu2.1","libgomp1=8.3.0-6ubuntu1~18.04.1","libgoogle-perftools4=2.5-2.2ubuntu3","libgpg-error0=1.27-6","libgpgme11=1.10.0-1ubuntu2","libgphoto2-6=2.5.16-2","libgphoto2-port12=2.5.16-2","libgpm2=1.20.7-5","libgraphite2-3=1.3.11-2","libgraphviz-dev=2.40.1-2","libgssapi-krb5-2=1.16-2ubuntu0.1","libgssapi3-heimdal=7.5.0+dfsg-1","libgstreamer-plugins-base1.0-0=1.14.5-0ubuntu1~18.04.1","libgstreamer1.0-0=1.14.5-0ubuntu1~18.04.1","libgtk-3-0=3.22.30-1ubuntu4","libgtk-3-bin=3.22.30-1ubuntu4","libgtk-3-common=3.22.30-1ubuntu4","libgtk2.0-0=2.24.32-1ubuntu1","libgtk2.0-common=2.24.32-1ubuntu1","libgtkmm-3.0-1v5=3.22.2-2","libgtksourceview-3.0-1=3.24.7-1","libgtksourceview-3.0-common=3.24.7-1","libgts-0.7-5=0.7.6+darcs121130-4","libguava-java=19.0-1","libgucharmap-2-90-7=1:10.0.4-1","libgudev-1.0-0=1:232-2","libguice-java=4.0-4","libgvc6-plugins-gtk=2.40.1-2","libgvc6=2.40.1-2","libgvpr2=2.40.1-2","libharfbuzz0b=1.7.2-1ubuntu1","libhawtjni-runtime-java=1.15-2","libhcrypto4-heimdal=7.5.0+dfsg-1","libhdf5-100=1.10.0-patch1+docs-4","libhdf5-cpp-100=1.10.0-patch1+docs-4","libhdf5-dev=1.10.0-patch1+docs-4","libheimbase1-heimdal=7.5.0+dfsg-1","libheimntlm0-heimdal=7.5.0+dfsg-1","libhiredis-dev=0.13.3-2.2","libhiredis0.13=0.13.3-2.2","libhogweed4=3.4-1","libhtml-form-perl=6.03-1","libhtml-format-perl=2.12-1","libhtml-parser-perl=3.72-3build1","libhtml-tagset-perl=3.20-3","libhtml-tree-perl=5.07-1","libhttp-cookies-perl=6.04-1","libhttp-daemon-perl=6.01-1","libhttp-date-perl=6.02-1","libhttp-message-perl=6.14-1","libhttp-negotiate-perl=6.00-2","libhwloc-dev=1.11.9-1","libhwloc-plugins=1.11.9-1","libhwloc5=1.11.9-1","libhx509-5-heimdal=7.5.0+dfsg-1","libibverbs-dev=17.1-1ubuntu0.2","libibverbs1=17.1-1ubuntu0.2","libical3=3.0.1-5","libice6=2:1.0.9-2","libicu60=60.2-3ubuntu3","libidn11=1.33-2.1ubuntu1.2","libidn2-0=2.0.4-1.1ubuntu0.2","libimobiledevice6=1.2.1~git20171128.5a854327+dfsg-0.1","libinput-bin=1.10.4-1ubuntu0.18.04.1","libinput10=1.10.4-1ubuntu0.18.04.1","libio-html-perl=1.001-1","libio-socket-ssl-perl=2.060-3~ubuntu18.04.1","libip4tc0=1.6.1-2ubuntu2","libipc-system-simple-perl=1.25-4","libisl19=0.19-1","libitm1=8.3.0-6ubuntu1~18.04.1","libjack-jackd2-0=1.9.12~dfsg-2","libjansi-java=1.16-1","libjansi-native-java=1.7-1","libjansson4=2.11-1","libjbig-dev=2.1-3.1build1","libjbig0=2.1-3.1build1","libjline2-java=2.14.6-1","libjpeg-dev=8c-2ubuntu8","libjpeg-turbo8-dev=1.5.2-0ubuntu5.18.04.3","libjpeg-turbo8=1.5.2-0ubuntu5.18.04.3","libjpeg8-dev=8c-2ubuntu8","libjpeg8=8c-2ubuntu8","libjq1=1.5+dfsg-2","libjson-c3=0.12.1-1.3","libjson-glib-1.0-0=1.4.2-3","libjson-glib-1.0-common=1.4.2-3","libjsoncpp1=1.7.4-3","libjsr305-java=0.1~+svn49-10","libjudy-dev=1.0.5-5","libjudydebian1=1.0.5-5","libk5crypto3=1.16-2ubuntu0.1","libkeybinder-3.0-0=0.3.2-1","libkeyutils1=1.5.9-9.2ubuntu2","libkmod2=24-1ubuntu3.2","libkrb5-26-heimdal=7.5.0+dfsg-1","libkrb5-3=1.16-2ubuntu0.1","libkrb5support0=1.16-2ubuntu0.1","libksba8=1.3.5-2","liblab-gamut1=2.40.1-2","liblapack-dev=3.7.1-4ubuntu1","liblapack3=3.7.1-4ubuntu1","liblcms2-2=2.9-1ubuntu0.1","libldap-2.4-2=2.4.45+dfsg-1ubuntu1.4","libldap-common=2.4.45+dfsg-1ubuntu1.4","libldb1=2:1.2.3-1ubuntu0.1","liblept5=1.75.3-3","libleptonica-dev=1.75.3-3","libllvm9=1:9-2~ubuntu18.04.1","liblocale-gettext-perl=1.07-3build2","liblsan0=8.3.0-6ubuntu1~18.04.1","libltdl-dev=2.4.6-2","libltdl7=2.4.6-2","liblwp-mediatypes-perl=6.02-1","liblwp-protocol-https-perl=6.07-2","liblz4-1=0.0~r131-2ubuntu3","liblz4-dev=0.0~r131-2ubuntu3","liblzma-dev=5.2.2-1.3","liblzma5=5.2.2-1.3","liblzo2-2=2.08-1.2","libmagic-mgc=1:5.32-2ubuntu0.3","libmagic1=1:5.32-2ubuntu0.3","libmailtools-perl=2.18-1","libmaven-parent-java=31-2~18.04","libmaven-resolver-java=1.3.1-1~18.04","libmaven-shared-utils-java=3.3.0-1~18.04","libmaven3-core-java=3.6.0-1~18.04.1","libmnl-dev=1.0.4-2","libmnl0=1.0.4-2","libmount1=2.31.1-0.4ubuntu3.4","libmpc3=1.1.0-1","libmpdec2=2.4.2-1ubuntu1","libmpfr6=4.0.1-1","libmpx2=8.3.0-6ubuntu1~18.04.1","libmtdev1=1.1.5-1ubuntu3","libmtp-common=1.1.13-1","libmtp9=1.1.13-1","libmysqlclient-dev=5.7.28-0ubuntu0.18.04.4","libmysqlclient20=5.7.28-0ubuntu0.18.04.4","libnautilus-extension1a=1:3.26.4-0~ubuntu18.04.5","libnccl-dev=2.4.2-1+cuda10.1","libnccl2=2.4.2-1+cuda10.1","libncurses5-dev=6.1-1ubuntu1.18.04","libncurses5=6.1-1ubuntu1.18.04","libncursesw5=6.1-1ubuntu1.18.04","libnet-dbus-perl=1.1.0-4build2","libnet-http-perl=6.17-1","libnet-smtp-ssl-perl=1.04-1","libnet-ssleay-perl=1.84-1ubuntu0.2","libnettle6=3.4-1","libnghttp2-14=1.30.0-1ubuntu1","libnl-3-200=3.2.29-0ubuntu3","libnl-route-3-200=3.2.29-0ubuntu3","libnorm1=1.5r6+dfsg1-6","libnotify-bin=0.7.7-3","libnotify4=0.7.7-3","libnpth0=1.5-3","libnspr4=2:4.18-1ubuntu1","libnss-systemd=237-3ubuntu10.33","libnss3=2:3.35-2ubuntu2.7","libntfs-3g88=1:2017.3.23-2ubuntu0.18.04.2","libnuma-dev=2.0.11-2.1ubuntu0.1","libnuma1=2.0.11-2.1ubuntu0.1","libnvinfer-dev=6.0.1-1+cuda10.1","libnvinfer-plugin6=6.0.1-1+cuda10.1","libnvinfer6=6.0.1-1+cuda10.1","liboauth0=1.0.3-1","libodbc1=2.3.4-1.1ubuntu3","libogg0=1.3.2-1","libomp-dev=5.0.1-1","libomp5=5.0.1-1","libonig4=6.7.0-1","libopenblas-base=0.2.20+ds-4","libopenjp2-7=2.3.0-2build0.18.04.1","libopenmpi-dev=2.1.1-8","libopenmpi2=2.1.1-8","libopus0=1.1.2-1ubuntu1","liborc-0.4-0=1:0.4.28-1","libp11-kit0=0.23.9-2","libpam-cap=1:2.25-1.2","libpam-modules-bin=1.1.8-3.6ubuntu2.18.04.1","libpam-modules=1.1.8-3.6ubuntu2.18.04.1","libpam-runtime=1.1.8-3.6ubuntu2.18.04.1","libpam-systemd=237-3ubuntu10.33","libpam0g=1.1.8-3.6ubuntu2.18.04.1","libpango-1.0-0=1.40.14-1ubuntu0.1","libpangocairo-1.0-0=1.40.14-1ubuntu0.1","libpangoft2-1.0-0=1.40.14-1ubuntu0.1","libpangomm-1.4-1v5=2.40.1-4","libpangoxft-1.0-0=1.40.14-1ubuntu0.1","libparted-fs-resize0=3.2-20ubuntu0.2","libparted2=3.2-20ubuntu0.2","libpathplan4=2.40.1-2","libpciaccess0=0.14-1","libpcre16-3=2:8.39-9","libpcre3-dev=2:8.39-9","libpcre32-3=2:8.39-9","libpcre3=2:8.39-9","libpcrecpp0v5=2:8.39-9","libpcsclite1=1.8.23-1","libperl5.26=5.26.1-6ubuntu0.3","libpgm-5.2-0=5.2.122~dfsg-2","libpipeline1=1.5.0-1","libpixman-1-0=0.34.0-2","libplexus-cipher-java=1.7-3","libplexus-classworlds-java=2.5.2-2","libplexus-component-annotations-java=1.7.1-7","libplexus-interpolation-java=1.24-1","libplexus-sec-dispatcher-java=1.4-3","libplexus-utils2-java=3.0.24-3","libplist3=2.0.0-2ubuntu1","libpng-dev=1.6.34-1ubuntu0.18.04.2","libpng16-16=1.6.34-1ubuntu0.18.04.2","libpolkit-agent-1-0=0.105-20ubuntu0.18.04.5","libpolkit-backend-1-0=0.105-20ubuntu0.18.04.5","libpolkit-gobject-1-0=0.105-20ubuntu0.18.04.5","libpoppler-glib8=0.62.0-2ubuntu2.10","libpoppler73=0.62.0-2ubuntu2.10","libpopt0=1.16-11","libpq-dev=10.10-0ubuntu0.18.04.1","libpq5=10.10-0ubuntu0.18.04.1","libprocps6=2:3.3.12-3ubuntu1.2","libprotobuf-dev=3.0.0-9.1ubuntu1","libprotobuf-lite10=3.0.0-9.1ubuntu1","libprotobuf10=3.0.0-9.1ubuntu1","libprotoc-dev=3.0.0-9.1ubuntu1","libprotoc10=3.0.0-9.1ubuntu1","libproxy1v5=0.4.15-1","libpsl5=0.19.1-5build1","libpsm-infinipath1=3.3+20.604758e7-5","libpthread-stubs0-dev=0.3-4","libpulse-mainloop-glib0=1:11.1-1ubuntu7.4","libpulse0=1:11.1-1ubuntu7.4","libpulsedsp=1:11.1-1ubuntu7.4","libpython-stdlib=2.7.15~rc1-1","libpython2.7-minimal=2.7.17-1~18.04","libpython2.7-stdlib=2.7.17-1~18.04","libpython2.7=2.7.17-1~18.04","libpython3-stdlib=3.6.7-1~18.04","libpython3.6-minimal=3.6.9-1~18.04","libpython3.6-stdlib=3.6.9-1~18.04","libpython3.6=3.6.9-1~18.04","libqscintilla2-qt5-13=2.10.2+dfsg-4","libqscintilla2-qt5-l10n=2.10.2+dfsg-4","libqt5core5a=5.9.5+dfsg-0ubuntu2.4","libqt5dbus5=5.9.5+dfsg-0ubuntu2.4","libqt5gui5=5.9.5+dfsg-0ubuntu2.4","libqt5network5=5.9.5+dfsg-0ubuntu2.4","libqt5printsupport5=5.9.5+dfsg-0ubuntu2.4","libqt5widgets5=5.9.5+dfsg-0ubuntu2.4","libquadmath0=8.3.0-6ubuntu1~18.04.1","librdmacm1=17.1-1ubuntu0.2","libreadline7=7.0-3","librest-0.7-0=0.8.0-2","librhash0=1.3.6-2","libroken18-heimdal=7.5.0+dfsg-1","librsvg2-2=2.40.20-2","librsvg2-common=2.40.20-2","librtmp1=2.4+20151223.gitfa8646d.1-1","libsamplerate0=0.1.9-1","libsasl2-2=2.1.27~101-g0780600+dfsg-3ubuntu2","libsasl2-modules-db=2.1.27~101-g0780600+dfsg-3ubuntu2","libseccomp2=2.4.1-0ubuntu0.18.04.2","libsecret-1-0=0.18.6-1","libsecret-common=0.18.6-1","libselinux1=2.7-2build2","libsemanage-common=2.7-2build2","libsemanage1=2.7-2build2","libsensors4=1:3.4.0-4","libsepol1=2.7-1","libserf-1-1=1.3.9-6","libsigc++-2.0-0v5=2.10.0-2","libsigsegv2=2.12-1","libsisu-inject-java=0.3.2-2","libsisu-plexus-java=0.3.3-3","libslang2-modules=2.3.1a-3ubuntu1","libslang2=2.3.1a-3ubuntu1","libslf4j-java=1.7.25-3","libsm6=2:1.2.2-1","libsmartcols1=2.31.1-0.4ubuntu3.4","libsmbclient=2:4.7.6+dfsg~ubuntu-0ubuntu2.15","libsndfile1=1.0.28-4ubuntu0.18.04.1","libsodium23=1.0.16-2","libsoup-gnome2.4-1=2.62.1-1ubuntu0.4","libsoup2.4-1=2.62.1-1ubuntu0.4","libspatialindex-c4v5=1.8.5-5","libspatialindex-dev=1.8.5-5","libspatialindex4v5=1.8.5-5","libspeexdsp1=1.2~rc1.2-1ubuntu2","libsqlite3-0=3.22.0-1ubuntu0.2","libss2=1.44.1-1ubuntu1.3","libssl-dev=1.1.1-1ubuntu2.1~18.04.5","libssl1.0.0=1.0.2n-1ubuntu5.3","libssl1.1=1.1.1-1ubuntu2.1~18.04.5","libstartup-notification0=0.12-5","libstdc++-7-dev=7.4.0-1ubuntu1~18.04.1","libstdc++6=8.3.0-6ubuntu1~18.04.1","libstemmer0d=0+svn585-1build1","libsvn1=1.9.7-4ubuntu1","libsystemd0=237-3ubuntu10.33","libsz2=0.3.2-2","libtalloc2=2.1.10-2ubuntu1","libtasn1-6=4.13-2","libtcmalloc-minimal4=2.5-2.2ubuntu3","libtdb1=1.3.15-2","libtesseract-dev=4.00~git2288-10f4998a-2","libtesseract4=4.00~git2288-10f4998a-2","libtevent0=0.9.34-1","libtext-iconv-perl=1.7-5build6","libthai-data=0.1.27-2","libthai0=0.1.27-2","libtheora0=1.1.1+dfsg.1-14","libthunarx-2-0=1.6.15-0ubuntu1","libtie-ixhash-perl=1.23-2","libtiff-dev=4.0.9-5ubuntu0.3","libtiff5-dev=4.0.9-5ubuntu0.3","libtiff5=4.0.9-5ubuntu0.3","libtiffxx5=4.0.9-5ubuntu0.3","libtimedate-perl=2.3000-2","libtinfo-dev=6.1-1ubuntu1.18.04","libtinfo5=6.1-1ubuntu1.18.04","libtool=2.4.6-2","libtracker-sparql-2.0-0=2.0.3-1ubuntu4","libtry-tiny-perl=0.30-1","libtsan0=8.3.0-6ubuntu1~18.04.1","libtumbler-1-0=0.2.1-0ubuntu1","libubsan0=7.4.0-1ubuntu1~18.04.1","libudev1=237-3ubuntu10.33","libudisks2-0=2.7.6-3ubuntu0.2","libunistring2=0.9.9-0ubuntu2","libunity-protocol-private0=7.1.4+18.04.20180209.1-0ubuntu2","libunity-scopes-json-def-desktop=7.1.4+18.04.20180209.1-0ubuntu2","libunity9=7.1.4+18.04.20180209.1-0ubuntu2","libunwind8=1.2.1-8","libupower-glib3=0.99.7-2ubuntu0.18.04.1","liburi-perl=1.73-1","libusb-1.0-0=2:1.0.21-2","libusbmuxd4=1.1.0~git20171206.c724e70f-0.1","libutempter0=1.1.6-3","libuuid1=2.31.1-0.4ubuntu3.4","libuv1-dev=1.18.0-3","libuv1=1.18.0-3","libvisual-0.4-0=0.4.0-11","libvolume-key1=0.3.9-4","libvorbis0a=1.3.5-4.2","libvorbisenc2=1.3.5-4.2","libvorbisfile3=1.3.5-4.2","libvte-2.91-0=0.52.2-1ubuntu1~18.04.2","libvte-2.91-common=0.52.2-1ubuntu1~18.04.2","libwacom-bin=0.29-1","libwacom-common=0.29-1","libwacom2=0.29-1","libwagon-file-java=3.0.0-2","libwagon-http-shaded-java=3.0.0-2","libwagon-provider-api-java=3.0.0-2","libwayland-client0=1.16.0-1ubuntu1.1~18.04.1","libwayland-cursor0=1.16.0-1ubuntu1.1~18.04.1","libwayland-egl1=1.16.0-1ubuntu1.1~18.04.1","libwayland-server0=1.16.0-1ubuntu1.1~18.04.1","libwbclient0=2:4.7.6+dfsg~ubuntu-0ubuntu2.15","libwebp6=0.6.1-2","libwebrtc-audio-processing1=0.3-1","libwind0-heimdal=7.5.0+dfsg-1","libwnck-3-0=3.24.1-2","libwnck-3-common=3.24.1-2","libwnck-common=1:2.30.7-5.1ubuntu1","libwnck22=1:2.30.7-5.1ubuntu1","libwrap0=7.6.q-27","libwww-perl=6.31-1ubuntu0.1","libwww-robotrules-perl=6.01-1","libx11-6=2:1.6.4-3ubuntu0.2","libx11-data=2:1.6.4-3ubuntu0.2","libx11-dev=2:1.6.4-3ubuntu0.2","libx11-protocol-perl=0.56-7","libx11-xcb1=2:1.6.4-3ubuntu0.2","libxatracker2=19.2.1-1ubuntu1~18.04.1","libxau-dev=1:1.0.8-1","libxau6=1:1.0.8-1","libxaw7=2:1.0.13-1","libxcb-dri2-0=1.13-2~ubuntu18.04","libxcb-dri3-0=1.13-2~ubuntu18.04","libxcb-glx0=1.13-2~ubuntu18.04","libxcb-icccm4=0.4.1-1ubuntu1","libxcb-image0=0.4.0-1build1","libxcb-keysyms1=0.4.0-1","libxcb-present0=1.13-2~ubuntu18.04","libxcb-randr0=1.13-2~ubuntu18.04","libxcb-render-util0=0.3.9-1","libxcb-render0=1.13-2~ubuntu18.04","libxcb-shape0=1.13-2~ubuntu18.04","libxcb-shm0=1.13-2~ubuntu18.04","libxcb-sync1=1.13-2~ubuntu18.04","libxcb-util1=0.4.0-0ubuntu3","libxcb-xfixes0=1.13-2~ubuntu18.04","libxcb-xinerama0=1.13-2~ubuntu18.04","libxcb-xkb1=1.13-2~ubuntu18.04","libxcb1-dev=1.13-2~ubuntu18.04","libxcb1=1.13-2~ubuntu18.04","libxcomposite1=1:0.4.4-2","libxcursor1=1:1.1.15-1","libxdamage1=1:1.1.4-3","libxdmcp-dev=1:1.1.2-3","libxdmcp6=1:1.1.2-3","libxdot4=2.40.1-2","libxext-dev=2:1.3.3-1","libxext6=2:1.3.3-1","libxfce4panel-2.0-4=4.12.2-1ubuntu1","libxfce4ui-1-0=4.13.4-1ubuntu1","libxfce4ui-2-0=4.13.4-1ubuntu1","libxfce4ui-common=4.13.4-1ubuntu1","libxfce4ui-utils=4.13.4-1ubuntu1","libxfce4util-bin=4.12.1-3","libxfce4util-common=4.12.1-3","libxfce4util7=4.12.1-3","libxfconf-0-2=4.12.1-1","libxfixes3=1:5.0.3-1","libxfont2=1:2.0.3-1","libxft2=2.3.2-1","libxi6=2:1.7.9-1","libxinerama1=2:1.1.3-1","libxkbcommon-x11-0=0.8.2-1~ubuntu18.04.1","libxkbcommon0=0.8.2-1~ubuntu18.04.1","libxkbfile1=1:1.0.9-2","libxklavier16=5.4-3","libxml-parser-perl=2.44-2build3","libxml-twig-perl=1:3.50-1","libxml-xpathengine-perl=0.14-1","libxml2=2.9.4+dfsg1-6.1ubuntu1.2","libxmu6=2:1.1.2-2","libxmuu1=2:1.1.2-2","libxpm4=1:3.5.12-1","libxrandr2=2:1.5.1-1","libxrender1=1:0.9.10-1","libxres1=2:1.2.0-2","libxshmfence1=1.3-1","libxslt1.1=1.1.29-5ubuntu0.2","libxss1=1:1.2.2-1","libxt6=1:1.1.5-1","libxtst6=2:1.2.3-1","libxv1=2:1.0.11-1","libxvmc1=2:1.0.10-1","libxxf86dga1=2:1.1.4-1","libxxf86vm1=1:1.1.4-1","libzeitgeist-2.0-0=1.0-0.1ubuntu1","libzmq3-dev=4.2.5-1ubuntu0.2","libzmq5=4.2.5-1ubuntu0.2","libzstd1=1.3.3+dfsg-2ubuntu1.1","linux-libc-dev=4.15.0-74.84","lm-sensors=1:3.4.0-4","locales=2.27-3ubuntu1","locate=4.6.0+git+20170828-2","login=1:4.5-1ubuntu2","lsb-base=9.20170808ubuntu1","lsb-release=9.20170808ubuntu1","lsof=4.89+dfsg-0.1","lzop=1.03-4","m4=1.4.18-1","make=4.1-9.1ubuntu1","man-db=2.8.3-2ubuntu0.1","maven=3.6.0-1~18.04.1","mawk=1.3.3-17ubuntu3","mime-support=3.60ubuntu1","miscfiles=1.5+dfsg-2","mount=2.31.1-0.4ubuntu3.4","mousepad=0.4.0-4ubuntu1","multiarch-support=2.27-3ubuntu1","mussh=1.0-1","mysql-common=5.8+1.0.4","nano=2.9.3-2","nautilus-data=1:3.26.4-0~ubuntu18.04.5","nautilus=1:3.26.4-0~ubuntu18.04.5","ncurses-base=6.1-1ubuntu1.18.04","ncurses-bin=6.1-1ubuntu1.18.04","net-tools=1.60+git20161116.90da8a0-1ubuntu1","netbase=5.4","netcat-traditional=1.10-41.1","netcat=1.10-41.1","networkd-dispatcher=1.7-0ubuntu3.3","nodejs=12.14.1-1nodesource1","notification-daemon=3.20.0-3","ntfs-3g=1:2017.3.23-2ubuntu0.18.04.2","ocl-icd-libopencl1=2.2.11-1ubuntu1","odbcinst1debian2=2.3.4-1.1ubuntu3","odbcinst=2.3.4-1.1ubuntu3","openjdk-11-jdk-headless=11.0.5+10-0ubuntu1.1~18.04","openjdk-11-jdk=11.0.5+10-0ubuntu1.1~18.04","openjdk-11-jre-headless=11.0.5+10-0ubuntu1.1~18.04","openjdk-11-jre=11.0.5+10-0ubuntu1.1~18.04","openmpi-bin=2.1.1-8","openmpi-common=2.1.1-8","openssh-client=1:7.6p1-4ubuntu0.3","openssh-server=1:7.6p1-4ubuntu0.3","openssh-sftp-server=1:7.6p1-4ubuntu0.3","openssl=1.1.1-1ubuntu2.1~18.04.5","orage=4.12.1-4","p7zip-full=16.02+dfsg-6","p7zip-rar=16.02-2","p7zip=16.02+dfsg-6","parted=3.2-20ubuntu0.2","passwd=1:4.5-1ubuntu2","patch=2.7.6-2ubuntu1.1","pavucontrol=3.0-4","perl-base=5.26.1-6ubuntu0.3","perl-modules-5.26=5.26.1-6ubuntu0.3","perl-openssl-defaults=3build1","perl=5.26.1-6ubuntu0.3","pinentry-curses=1.1.0-1","pkg-config=0.29.1-0ubuntu2","policykit-1=0.105-20ubuntu0.18.04.5","poppler-data=0.4.8-2","procps=2:3.3.12-3ubuntu1.2","protobuf-compiler=3.0.0-9.1ubuntu1","psmisc=23.1-1ubuntu0.1","pulseaudio-utils=1:11.1-1ubuntu7.4","pulseaudio=1:11.1-1ubuntu7.4","python-apt-common=1.6.5ubuntu0.2","python-minimal=2.7.15~rc1-1","python-talloc=2.1.10-2ubuntu1","python2.7-minimal=2.7.17-1~18.04","python2.7=2.7.17-1~18.04","python3-apport=2.20.9-0ubuntu7.9","python3-apt=1.6.5ubuntu0.2","python3-bson-ext=3.6.1+dfsg1-1","python3-bson=3.6.1+dfsg1-1","python3-cairo=1.16.2-1","python3-certifi=2018.1.18-2","python3-chardet=3.0.4-1","python3-dbus=1.2.6-1","python3-debian=0.1.32","python3-gi-cairo=3.26.1-2ubuntu1","python3-gi=3.26.1-2ubuntu1","python3-gridfs=3.6.1+dfsg1-1","python3-httplib2=0.9.2+dfsg-1ubuntu0.1","python3-idna=2.6-1","python3-minimal=3.6.7-1~18.04","python3-pexpect=4.2.1-1","python3-pkg-resources=39.0.1-2","python3-problem-report=2.20.9-0ubuntu7.9","python3-ptyprocess=0.5.2-1","python3-pymongo-ext=3.6.1+dfsg1-1","python3-pymongo=3.6.1+dfsg1-1","python3-requests-unixsocket=0.1.5-3","python3-requests=2.18.4-2ubuntu0.1","python3-six=1.11.0-2","python3-software-properties=0.96.24.32.12","python3-systemd=234-1build1","python3-urllib3=1.22-1ubuntu0.18.04.1","python3.6-minimal=3.6.9-1~18.04","python3.6=3.6.9-1~18.04","python3=3.6.7-1~18.04","python=2.7.15~rc1-1","readline-common=7.0-3","rsync=3.1.2-2.1ubuntu1","rsyslog=8.32.0-1ubuntu4","rtkit=0.11-6","samba-libs=2:4.7.6+dfsg~ubuntu-0ubuntu2.15","scala-library=2.11.12-4~18.04","scala-parser-combinators=1.0.3-3","scala-xml=1.0.3-3","scala=2.11.12-4~18.04","screen=4.6.2-1ubuntu1","sed=4.4-2","sensible-utils=0.0.12","shared-mime-info=1.9-2","slsh=2.3.1a-3ubuntu1","software-properties-common=0.96.24.32.12","sound-theme-freedesktop=0.8-2ubuntu1","sqlite3=3.22.0-1ubuntu0.2","sqlitebrowser=3.10.1-1.1","ssl-cert=1.0.39","sslh=1.18-1","subversion=1.9.7-4ubuntu1","sudo=1.8.21p2-3ubuntu1.1","swig3.0=3.0.12-1","swig=3.0.12-1","systemd-sysv=237-3ubuntu10.33","systemd=237-3ubuntu10.33","sysvinit-utils=2.88dsf-59.10ubuntu1","tango-icon-theme=0.8.90-7","tar=1.29b-2ubuntu0.1","thunar-archive-plugin=0.3.1-4","thunar-data=1.6.15-0ubuntu1","thunar-vcs-plugin=0.1.4-2build1","thunar-volman=0.8.1-2","thunar=1.6.15-0ubuntu1","tmux=2.6-3ubuntu0.2","tree=1.7.0-5","tumbler-common=0.2.1-0ubuntu1","tumbler=0.2.1-0ubuntu1","tzdata=2019c-0ubuntu0.18.04","ubuntu-keyring=2018.09.18.1~18.04.0","ubuntu-mono=16.10+18.04.20181005-0ubuntu1","ucf=3.0038","udev=237-3ubuntu10.33","udisks2=2.7.6-3ubuntu0.2","unixodbc-dev=2.3.4-1.1ubuntu3","unixodbc=2.3.4-1.1ubuntu3","unp=2.0~pre7+nmu1","unzip=6.0-21ubuntu1","update-inetd=4.44","upower=0.99.7-2ubuntu0.18.04.1","usbmuxd=1.1.0-2ubuntu0.1","util-linux=2.31.1-0.4ubuntu3.4","uuid-dev=2.31.1-0.4ubuntu3.4","vim-common=2:8.0.1453-1ubuntu1.1","vim-runtime=2:8.0.1453-1ubuntu1.1","vim=2:8.0.1453-1ubuntu1.1","wget=1.19.4-1ubuntu2.2","x11-apps=7.7+6ubuntu1","x11-common=1:7.7+19ubuntu7.1","x11-session-utils=7.7+2build1","x11-utils=7.7+3build1","x11-xkb-utils=7.7+3ubuntu0.18.04.1","x11-xserver-utils=7.7+7build1","x11proto-core-dev=2018.4-4","x11proto-dev=2018.4-4","x11proto-xext-dev=2018.4-4","xarchiver=1:0.5.4.12-1","xauth=1:1.0.10-1","xbitmaps=1.1.1-2","xclip=0.12+svn84-4build1","xdg-user-dirs=0.17-1ubuntu1","xdg-utils=1.1.2-1ubuntu2.3","xfce4-appfinder=4.12.0-2ubuntu2","xfce4-notifyd=0.4.2-0ubuntu2","xfce4-panel=4.12.2-1ubuntu1","xfce4-pulseaudio-plugin=0.4.1-0ubuntu1","xfce4-session=4.12.1-3ubuntu3","xfce4-settings=4.12.4-0ubuntu0.18.04.1","xfce4-systemload-plugin=1:1.2.1-0ubuntu1","xfce4-taskmanager=1.2.0-0ubuntu1","xfce4-terminal=0.8.7.4-0ubuntu0.18.04.1","xfce4=4.12.4","xfconf=4.12.1-1","xfdesktop4-data=4.12.3-4ubuntu2","xfdesktop4=4.12.3-4ubuntu2","xfonts-base=1:1.0.4+nmu1","xfonts-encodings=1:1.0.4-2","xfonts-scalable=1:1.0.3-1.1","xfonts-utils=1:7.7+6","xfwm4=4.12.5-1ubuntu0.18.04.1","xinit=1.3.4-3ubuntu3","xinput=1.6.2-1build1","xkb-data=2.23.1-1ubuntu1.18.04.1","xmlstarlet=1.6.1-2","xorg-docs-core=1:1.7.1-1.1","xorg-sgml-doctools=1:1.11-1","xorg=1:7.7+19ubuntu7.1","xrdp=0.9.5-2","xserver-common=2:1.19.6-1ubuntu4.3","xserver-xorg-core=2:1.19.6-1ubuntu4.3","xserver-xorg-input-all=1:7.7+19ubuntu7.1","xserver-xorg-input-libinput=0.27.1-1","xserver-xorg-input-wacom=1:0.36.1-0ubuntu1","xserver-xorg-legacy=2:1.19.6-1ubuntu4.3","xserver-xorg-video-all=1:7.7+19ubuntu7.1","xserver-xorg-video-amdgpu=18.0.1-1","xserver-xorg-video-ati=1:18.0.1-1","xserver-xorg-video-fbdev=1:0.4.4-1build6","xserver-xorg-video-intel=2:2.99.917+git20171229-1","xserver-xorg-video-nouveau=1:1.0.15-2","xserver-xorg-video-qxl=0.1.5-2build1","xserver-xorg-video-radeon=1:18.0.1-1","xserver-xorg-video-vesa=1:2.3.4-1build3","xserver-xorg-video-vmware=1:13.2.1-1build1","xserver-xorg=1:7.7+19ubuntu7.1","xterm=330-1ubuntu2","xtrans-dev=1.3.5-1","xubuntu-icon-theme=18.04.5","xxd=2:8.0.1453-1ubuntu1.1","xz-utils=5.2.2-1.3","yara=3.7.1-1ubuntu2","yarn=1.21.1-1","zip=3.0-11build1","zlib1g-dev=1:1.2.11.dfsg-0ubuntu2","zlib1g=1:1.2.11.dfsg-0ubuntu2","zlibc=0.9k-4.3","zsh-common=5.4.2-3ubuntu3.1","zsh=5.4.2-3ubuntu3.1"],"param":null,"params":null,"stderr":null,"stdout":null},"type":"ws_msg"}
{"payload":{"code":null,"context":null,"env_details":{"command":["/opt/conda/lib/python3.7/site-packages/ipykernel_launcher.py","-f","/root/.local/share/jupyter/runtime/kernel-149b49f2-21d4-4032-be76-bc44a43ed273.json"],"hostname":"d87bed27adef","ip":"172.17.0.2","network_interfaces_ips":["127.0.0.1","172.17.0.2"],"os":"Linux-4.15.0-91-generic-x86_64-with-debian-buster-sid","os_type":"Linux","pid":26266,"python_exe":"/opt/conda/bin/python","python_version":"3.7.6","python_version_verbose":"3.7.6 (default, Jan  8 2020, 19:59:22) \n[GCC 7.3.0]","user":"root"},"fileName":null,"git_meta":null,"gpu_static_info":null,"graph":null,"html":null,"htmlOverride":null,"installed_packages":null,"local_timestamp":1584992031693,"log_dependency":null,"log_other":null,"log_system_info":null,"metric":null,"os_packages":null,"param":null,"params":null,"stderr":null,"stdout":null},"type":"ws_msg"}
{"payload":{"code":null,"context":null,"env_details":null,"fileName":null,"git_meta":null,"gpu_static_info":[{"gpu_index":0,"name":"GeForce GTX 970","power_limit":170000,"total_memory":4238999552,"uuid":"GPU-46ad2062-e867-3e4b-a78d-5fe2edb46bf3"}],"graph":null,"html":null,"htmlOverride":null,"installed_packages":null,"local_timestamp":1584992031790,"log_dependency":null,"log_other":null,"log_system_info":null,"metric":null,"os_packages":null,"param":null,"params":null,"stderr":null,"stdout":null},"type":"ws_msg"}
{"payload":{"code":null,"context":null,"env_details":null,"fileName":null,"git_meta":null,"gpu_static_info":null,"graph":null,"html":null,"htmlOverride":null,"installed_packages":null,"local_timestamp":1584992031791,"log_dependency":null,"log_other":null,"log_system_info":null,"metric":{"epoch":null,"metricName":"sys.gpu.0.total_memory","metricValue":4238999552,"step":null},"os_packages":null,"param":null,"params":null,"stderr":null,"stdout":null},"type":"ws_msg"}
{"payload":{"code":null,"context":null,"env_details":null,"fileName":null,"git_meta":null,"gpu_static_info":null,"graph":null,"html":null,"htmlOverride":null,"installed_packages":null,"local_timestamp":1584992031792,"log_dependency":null,"log_other":null,"log_system_info":null,"metric":{"epoch":null,"metricName":"sys.gpu.0.free_memory","metricValue":4238999552,"step":null},"os_packages":null,"param":null,"params":null,"stderr":null,"stdout":null},"type":"ws_msg"}
{"payload":{"code":null,"context":null,"env_details":null,"fileName":null,"git_meta":null,"gpu_static_info":null,"graph":null,"html":null,"htmlOverride":null,"installed_packages":null,"local_timestamp":1584992031792,"log_dependency":null,"log_other":null,"log_system_info":null,"metric":{"epoch":null,"metricName":"sys.gpu.0.used_memory","metricValue":0,"step":null},"os_packages":null,"param":null,"params":null,"stderr":null,"stdout":null},"type":"ws_msg"}
{"payload":{"code":null,"context":null,"env_details":null,"fileName":null,"git_meta":null,"gpu_static_info":null,"graph":null,"html":null,"htmlOverride":null,"installed_packages":null,"local_timestamp":1584992031793,"log_dependency":null,"log_other":null,"log_system_info":null,"metric":{"epoch":null,"metricName":"sys.gpu.0.gpu_utilization","metricValue":0,"step":null},"os_packages":null,"param":null,"params":null,"stderr":null,"stdout":null},"type":"ws_msg"}
{"payload":{"code":null,"context":null,"env_details":null,"fileName":null,"git_meta":null,"gpu_static_info":null,"graph":null,"html":null,"htmlOverride":null,"installed_packages":null,"local_timestamp":1584992031793,"log_dependency":null,"log_other":null,"log_system_info":null,"metric":null,"os_packages":null,"param":{"paramName":"f","paramValue":"/root/.local/share/jupyter/runtime/kernel-149b49f2-21d4-4032-be76-bc44a43ed273.json","step":null},"params":null,"stderr":null,"stdout":null},"type":"ws_msg"}
{"payload":{"code":null,"context":null,"env_details":null,"fileName":null,"git_meta":null,"gpu_static_info":null,"graph":null,"html":null,"htmlOverride":null,"installed_packages":null,"local_timestamp":1584992031793,"log_dependency":null,"log_other":{"key":"offline_experiment","val":true},"log_system_info":null,"metric":null,"os_packages":null,"param":null,"params":null,"stderr":null,"stdout":null},"type":"ws_msg"}
{"payload":{"code":null,"context":null,"env_details":null,"fileName":null,"git_meta":null,"gpu_static_info":null,"graph":null,"html":null,"htmlOverride":null,"installed_packages":null,"local_timestamp":1584992031794,"log_dependency":null,"log_other":null,"log_system_info":null,"metric":null,"os_packages":null,"param":{"paramName":"BATCH_SIZE","paramValue":64,"step":null},"params":null,"stderr":null,"stdout":null},"type":"ws_msg"}
{"payload":{"code":null,"context":null,"env_details":null,"fileName":null,"git_meta":null,"gpu_static_info":null,"graph":null,"html":null,"htmlOverride":null,"installed_packages":null,"local_timestamp":1584992031794,"log_dependency":null,"log_other":null,"log_system_info":null,"metric":null,"os_packages":null,"param":{"paramName":"CLIENT_FRACTION","paramValue":1.0,"step":null},"params":null,"stderr":null,"stdout":null},"type":"ws_msg"}
{"payload":{"code":null,"context":null,"env_details":null,"fileName":null,"git_meta":null,"gpu_static_info":null,"graph":null,"html":null,"htmlOverride":null,"installed_packages":null,"local_timestamp":1584992031794,"log_dependency":null,"log_other":null,"log_system_info":null,"metric":null,"os_packages":null,"param":{"paramName":"DL_N_WORKER","paramValue":4,"step":null},"params":null,"stderr":null,"stdout":null},"type":"ws_msg"}
{"payload":{"code":null,"context":null,"env_details":null,"fileName":null,"git_meta":null,"gpu_static_info":null,"graph":null,"html":null,"htmlOverride":null,"installed_packages":null,"local_timestamp":1584992031794,"log_dependency":null,"log_other":null,"log_system_info":null,"metric":null,"os_packages":null,"param":{"paramName":"IS_IID_DATA","paramValue":true,"step":null},"params":null,"stderr":null,"stdout":null},"type":"ws_msg"}
{"payload":{"code":null,"context":null,"env_details":null,"fileName":null,"git_meta":null,"gpu_static_info":null,"graph":null,"html":null,"htmlOverride":null,"installed_packages":null,"local_timestamp":1584992031794,"log_dependency":null,"log_other":null,"log_system_info":null,"metric":null,"os_packages":null,"param":{"paramName":"LEARNING_RATE","paramValue":0.01,"step":null},"params":null,"stderr":null,"stdout":null},"type":"ws_msg"}
{"payload":{"code":null,"context":null,"env_details":null,"fileName":null,"git_meta":null,"gpu_static_info":null,"graph":null,"html":null,"htmlOverride":null,"installed_packages":null,"local_timestamp":1584992031794,"log_dependency":null,"log_other":null,"log_system_info":null,"metric":null,"os_packages":null,"param":{"paramName":"MAX_ROUNDS","paramValue":10,"step":null},"params":null,"stderr":null,"stdout":null},"type":"ws_msg"}
{"payload":{"code":null,"context":null,"env_details":null,"fileName":null,"git_meta":null,"gpu_static_info":null,"graph":null,"html":null,"htmlOverride":null,"installed_packages":null,"local_timestamp":1584992031794,"log_dependency":null,"log_other":null,"log_system_info":null,"metric":null,"os_packages":null,"param":{"paramName":"N_CLIENTS","paramValue":2,"step":null},"params":null,"stderr":null,"stdout":null},"type":"ws_msg"}
{"payload":{"code":null,"context":null,"env_details":null,"fileName":null,"git_meta":null,"gpu_static_info":null,"graph":null,"html":null,"htmlOverride":null,"installed_packages":null,"local_timestamp":1584992031794,"log_dependency":null,"log_other":null,"log_system_info":null,"metric":null,"os_packages":null,"param":{"paramName":"N_EPOCH_PER_CLIENT","paramValue":1,"step":null},"params":null,"stderr":null,"stdout":null},"type":"ws_msg"}
{"payload":{"code":null,"context":null,"env_details":null,"fileName":null,"git_meta":null,"gpu_static_info":null,"graph":null,"html":null,"htmlOverride":null,"installed_packages":null,"local_timestamp":1584992031794,"log_dependency":null,"log_other":null,"log_system_info":null,"metric":null,"os_packages":null,"param":{"paramName":"TARGET_ACC","paramValue":0.99,"step":null},"params":null,"stderr":null,"stdout":null},"type":"ws_msg"}
{"payload":{"code":null,"context":null,"env_details":null,"fileName":null,"git_meta":null,"gpu_static_info":null,"graph":null,"html":null,"htmlOverride":null,"installed_packages":null,"local_timestamp":1584992031803,"log_dependency":null,"log_other":null,"log_system_info":null,"metric":{"epoch":null,"metricName":"sys.cpu.percent.avg","metricValue":25.900000000000002,"step":null},"os_packages":null,"param":null,"params":null,"stderr":null,"stdout":null},"type":"ws_msg"}
{"payload":{"code":null,"context":null,"env_details":null,"fileName":null,"git_meta":null,"gpu_static_info":null,"graph":null,"html":null,"htmlOverride":null,"installed_packages":null,"local_timestamp":1584992031803,"log_dependency":null,"log_other":null,"log_system_info":null,"metric":{"epoch":null,"metricName":"sys.cpu.percent.01","metricValue":18.5,"step":null},"os_packages":null,"param":null,"params":null,"stderr":null,"stdout":null},"type":"ws_msg"}
{"payload":{"code":null,"context":null,"env_details":null,"fileName":null,"git_meta":null,"gpu_static_info":null,"graph":null,"html":null,"htmlOverride":null,"installed_packages":null,"local_timestamp":1584992031803,"log_dependency":null,"log_other":null,"log_system_info":null,"metric":{"epoch":null,"metricName":"sys.cpu.percent.02","metricValue":9.7,"step":null},"os_packages":null,"param":null,"params":null,"stderr":null,"stdout":null},"type":"ws_msg"}
{"payload":{"code":null,"context":null,"env_details":null,"fileName":null,"git_meta":null,"gpu_static_info":null,"graph":null,"html":null,"htmlOverride":null,"installed_packages":null,"local_timestamp":1584992031804,"log_dependency":null,"log_other":null,"log_system_info":null,"metric":{"epoch":null,"metricName":"sys.cpu.percent.03","metricValue":68.0,"step":null},"os_packages":null,"param":null,"params":null,"stderr":null,"stdout":null},"type":"ws_msg"}
{"payload":{"code":null,"context":null,"env_details":null,"fileName":null,"git_meta":null,"gpu_static_info":null,"graph":null,"html":null,"htmlOverride":null,"installed_packages":null,"local_timestamp":1584992031804,"log_dependency":null,"log_other":null,"log_system_info":null,"metric":{"epoch":null,"metricName":"sys.cpu.percent.04","metricValue":7.4,"step":null},"os_packages":null,"param":null,"params":null,"stderr":null,"stdout":null},"type":"ws_msg"}
{"payload":{"code":null,"context":null,"env_details":null,"fileName":null,"git_meta":null,"gpu_static_info":null,"graph":null,"html":null,"htmlOverride":null,"installed_packages":null,"local_timestamp":1584992031804,"log_dependency":null,"log_other":null,"log_system_info":null,"metric":{"epoch":null,"metricName":"sys.load.avg","metricValue":0.25,"step":null},"os_packages":null,"param":null,"params":null,"stderr":null,"stdout":null},"type":"ws_msg"}
{"payload":{"code":null,"context":null,"env_details":null,"fileName":null,"git_meta":null,"gpu_static_info":null,"graph":null,"html":null,"htmlOverride":null,"installed_packages":null,"local_timestamp":1584992031804,"log_dependency":null,"log_other":null,"log_system_info":null,"metric":{"epoch":null,"metricName":"sys.ram.total","metricValue":8326709248,"step":null},"os_packages":null,"param":null,"params":null,"stderr":null,"stdout":null},"type":"ws_msg"}
{"payload":{"code":null,"context":null,"env_details":null,"fileName":null,"git_meta":null,"gpu_static_info":null,"graph":null,"html":null,"htmlOverride":null,"installed_packages":null,"local_timestamp":1584992031804,"log_dependency":null,"log_other":null,"log_system_info":null,"metric":{"epoch":null,"metricName":"sys.ram.used","metricValue":2624110592,"step":null},"os_packages":null,"param":null,"params":null,"stderr":null,"stdout":null},"type":"ws_msg"}
{"payload":{"code":null,"context":null,"env_details":null,"fileName":null,"git_meta":null,"gpu_static_info":null,"graph":null,"html":null,"htmlOverride":null,"installed_packages":null,"local_timestamp":1584992056859,"log_dependency":null,"log_other":null,"log_system_info":null,"metric":{"epoch":null,"metricName":"sys.cpu.percent.avg","metricValue":18.575,"step":null},"os_packages":null,"param":null,"params":null,"stderr":null,"stdout":null},"type":"ws_msg"}
{"payload":{"code":null,"context":null,"env_details":null,"fileName":null,"git_meta":null,"gpu_static_info":null,"graph":null,"html":null,"htmlOverride":null,"installed_packages":null,"local_timestamp":1584992056859,"log_dependency":null,"log_other":null,"log_system_info":null,"metric":{"epoch":null,"metricName":"sys.cpu.percent.01","metricValue":63.8,"step":null},"os_packages":null,"param":null,"params":null,"stderr":null,"stdout":null},"type":"ws_msg"}
{"payload":{"code":null,"context":null,"env_details":null,"fileName":null,"git_meta":null,"gpu_static_info":null,"graph":null,"html":null,"htmlOverride":null,"installed_packages":null,"local_timestamp":1584992056859,"log_dependency":null,"log_other":null,"log_system_info":null,"metric":{"epoch":null,"metricName":"sys.cpu.percent.02","metricValue":2.3,"step":null},"os_packages":null,"param":null,"params":null,"stderr":null,"stdout":null},"type":"ws_msg"}
{"payload":{"code":null,"context":null,"env_details":null,"fileName":null,"git_meta":null,"gpu_static_info":null,"graph":null,"html":null,"htmlOverride":null,"installed_packages":null,"local_timestamp":1584992056859,"log_dependency":null,"log_other":null,"log_system_info":null,"metric":{"epoch":null,"metricName":"sys.cpu.percent.03","metricValue":4.9,"step":null},"os_packages":null,"param":null,"params":null,"stderr":null,"stdout":null},"type":"ws_msg"}
{"payload":{"code":null,"context":null,"env_details":null,"fileName":null,"git_meta":null,"gpu_static_info":null,"graph":null,"html":null,"htmlOverride":null,"installed_packages":null,"local_timestamp":1584992056859,"log_dependency":null,"log_other":null,"log_system_info":null,"metric":{"epoch":null,"metricName":"sys.cpu.percent.04","metricValue":3.3,"step":null},"os_packages":null,"param":null,"params":null,"stderr":null,"stdout":null},"type":"ws_msg"}
{"payload":{"code":null,"context":null,"env_details":null,"fileName":null,"git_meta":null,"gpu_static_info":null,"graph":null,"html":null,"htmlOverride":null,"installed_packages":null,"local_timestamp":1584992056859,"log_dependency":null,"log_other":null,"log_system_info":null,"metric":{"epoch":null,"metricName":"sys.load.avg","metricValue":0.41,"step":null},"os_packages":null,"param":null,"params":null,"stderr":null,"stdout":null},"type":"ws_msg"}
{"payload":{"code":null,"context":null,"env_details":null,"fileName":null,"git_meta":null,"gpu_static_info":null,"graph":null,"html":null,"htmlOverride":null,"installed_packages":null,"local_timestamp":1584992056860,"log_dependency":null,"log_other":null,"log_system_info":null,"metric":{"epoch":null,"metricName":"sys.ram.total","metricValue":8326709248,"step":null},"os_packages":null,"param":null,"params":null,"stderr":null,"stdout":null},"type":"ws_msg"}
{"payload":{"code":null,"context":null,"env_details":null,"fileName":null,"git_meta":null,"gpu_static_info":null,"graph":null,"html":null,"htmlOverride":null,"installed_packages":null,"local_timestamp":1584992056860,"log_dependency":null,"log_other":null,"log_system_info":null,"metric":{"epoch":null,"metricName":"sys.ram.used","metricValue":3119579136,"step":null},"os_packages":null,"param":null,"params":null,"stderr":null,"stdout":null},"type":"ws_msg"}
{"payload":{"code":null,"context":null,"env_details":null,"fileName":null,"git_meta":null,"gpu_static_info":null,"graph":null,"html":null,"htmlOverride":null,"installed_packages":null,"local_timestamp":1584992061863,"log_dependency":null,"log_other":null,"log_system_info":null,"metric":{"epoch":null,"metricName":"sys.gpu.0.free_memory","metricValue":4238999552,"step":null},"os_packages":null,"param":null,"params":null,"stderr":null,"stdout":null},"type":"ws_msg"}
{"payload":{"code":null,"context":null,"env_details":null,"fileName":null,"git_meta":null,"gpu_static_info":null,"graph":null,"html":null,"htmlOverride":null,"installed_packages":null,"local_timestamp":1584992061863,"log_dependency":null,"log_other":null,"log_system_info":null,"metric":{"epoch":null,"metricName":"sys.gpu.0.used_memory","metricValue":0,"step":null},"os_packages":null,"param":null,"params":null,"stderr":null,"stdout":null},"type":"ws_msg"}
{"payload":{"code":null,"context":null,"env_details":null,"fileName":null,"git_meta":null,"gpu_static_info":null,"graph":null,"html":null,"htmlOverride":null,"installed_packages":null,"local_timestamp":1584992061863,"log_dependency":null,"log_other":null,"log_system_info":null,"metric":{"epoch":null,"metricName":"sys.gpu.0.gpu_utilization","metricValue":0,"step":null},"os_packages":null,"param":null,"params":null,"stderr":null,"stdout":null},"type":"ws_msg"}
